candidate_id,label,feature_count,validation_strategy,roc_auc,pr_auc,precision,recall,f1_score,specificity,accuracy,false_positive_rate,false_negative_rate,brier_score,ece,true_negatives,false_positives,false_negatives,true_positives
Candidate_A_RF_Leakage_Free,RF-LEAKAGE-FREE-BASELINE,7,Chronological_Holdout_2024_2025,0.9197,0.9332,0.83,0.8192,0.8246,0.8322,0.8257,0.1678,0.1808,0.1195,0.0624,709,143,154,698
Candidate_A_RF_Leakage_Free,RF-LEAKAGE-FREE-BASELINE,7,Rolling_Temporal_Fold_1_Pre2024,0.8981,0.9014,0.8293,0.85,0.8395,0.825,0.8375,0.175,0.15,0.1343,0.0994,33,7,6,34
Candidate_A_RF_Leakage_Free,RF-LEAKAGE-FREE-BASELINE,7,Rolling_Temporal_Fold_2_Pre2024,0.7505,0.7981,0.8372,0.5,0.6261,0.9028,0.7014,0.0972,0.5,0.2139,0.1457,65,7,36,36
Candidate_A_RF_Leakage_Free,RF-LEAKAGE-FREE-BASELINE,7,Location_Group_5Fold_CV,0.9644,0.9669,0.9173,0.8897,0.9033,0.9198,0.9047,0.0802,0.1103,0.0722,0.0252,1009,88,121,976
Candidate_A_RF_Leakage_Free,RF-LEAKAGE-FREE-BASELINE,7,District_Group_5Fold_CV,0.9347,0.9403,0.8888,0.8013,0.8428,0.8997,0.8505,0.1003,0.1987,0.1022,0.0276,987,110,218,879
Candidate_A_RF_Leakage_Free,RF-LEAKAGE-FREE-BASELINE,7,State_Group_5Fold_CV,0.9214,0.9294,0.8294,0.8377,0.8336,0.8277,0.8327,0.1723,0.1623,0.1129,0.0329,908,189,178,919
Candidate_B_RF_Terrain,RF-TERRAIN-ENHANCED,13,Chronological_Holdout_2024_2025,0.9123,0.9204,0.831,0.8192,0.8251,0.8333,0.8263,0.1667,0.1808,0.1228,0.0613,710,142,154,698
Candidate_B_RF_Terrain,RF-TERRAIN-ENHANCED,13,Rolling_Temporal_Fold_1_Pre2024,0.905,0.8958,0.814,0.875,0.8434,0.8,0.8375,0.2,0.125,0.1287,0.089,32,8,5,35
Candidate_B_RF_Terrain,RF-TERRAIN-ENHANCED,13,Rolling_Temporal_Fold_2_Pre2024,0.7818,0.8225,0.8222,0.5139,0.6325,0.8889,0.7014,0.1111,0.4861,0.194,0.1217,64,8,35,37
Candidate_B_RF_Terrain,RF-TERRAIN-ENHANCED,13,Location_Group_5Fold_CV,0.9608,0.963,0.9156,0.8797,0.8973,0.9189,0.8993,0.0811,0.1203,0.0773,0.0351,1008,89,132,965
Candidate_B_RF_Terrain,RF-TERRAIN-ENHANCED,13,District_Group_5Fold_CV,0.9329,0.9398,0.8856,0.7976,0.8393,0.897,0.8473,0.103,0.2024,0.1038,0.034,984,113,222,875
Candidate_B_RF_Terrain,RF-TERRAIN-ENHANCED,13,State_Group_5Fold_CV,0.9127,0.913,0.7986,0.8277,0.8129,0.7912,0.8095,0.2088,0.1723,0.1198,0.0502,868,229,189,908
Candidate_C_RF_Inventory,RF-TERRAIN-INVENTORY-ENHANCED,15,Chronological_Holdout_2024_2025,0.8938,0.8965,0.8175,0.8204,0.819,0.8169,0.8187,0.1831,0.1796,0.1332,0.0914,696,156,153,699
Candidate_C_RF_Inventory,RF-TERRAIN-INVENTORY-ENHANCED,15,Rolling_Temporal_Fold_1_Pre2024,0.9131,0.9265,0.814,0.875,0.8434,0.8,0.8375,0.2,0.125,0.1279,0.0978,32,8,5,35
Candidate_C_RF_Inventory,RF-TERRAIN-INVENTORY-ENHANCED,15,Rolling_Temporal_Fold_2_Pre2024,0.7695,0.8178,0.8,0.5556,0.6557,0.8611,0.7083,0.1389,0.4444,0.196,0.1005,62,10,32,40
Candidate_C_RF_Inventory,RF-TERRAIN-INVENTORY-ENHANCED,15,Location_Group_5Fold_CV,0.9647,0.9677,0.9155,0.8988,0.9071,0.917,0.9079,0.083,0.1012,0.0735,0.0403,1006,91,111,986
Candidate_C_RF_Inventory,RF-TERRAIN-INVENTORY-ENHANCED,15,District_Group_5Fold_CV,0.91,0.8977,0.8937,0.7894,0.8383,0.9061,0.8478,0.0939,0.2106,0.1343,0.0957,994,103,231,866
Candidate_C_RF_Inventory,RF-TERRAIN-INVENTORY-ENHANCED,15,State_Group_5Fold_CV,0.9082,0.9115,0.8057,0.8049,0.8053,0.8058,0.8054,0.1942,0.1951,0.1255,0.0712,884,213,214,883
Candidate_D_HistGB_Prod,HistGB-LEAKAGE-FREE-BASELINE,7,Chronological_Holdout_2024_2025,0.9013,0.9208,0.7613,0.8533,0.8046,0.7324,0.7928,0.2676,0.1467,0.1472,0.0999,624,228,125,727
Candidate_D_HistGB_Prod,HistGB-LEAKAGE-FREE-BASELINE,7,Rolling_Temporal_Fold_1_Pre2024,0.8663,0.8685,0.8049,0.825,0.8148,0.8,0.8125,0.2,0.175,0.1567,0.1412,32,8,7,33
Candidate_D_HistGB_Prod,HistGB-LEAKAGE-FREE-BASELINE,7,Rolling_Temporal_Fold_2_Pre2024,0.7542,0.7951,0.7547,0.5556,0.64,0.8194,0.6875,0.1806,0.4444,0.2306,0.1785,59,13,32,40
Candidate_D_HistGB_Prod,HistGB-LEAKAGE-FREE-BASELINE,7,Location_Group_5Fold_CV,0.9595,0.9614,0.9018,0.8961,0.8989,0.9025,0.8993,0.0975,0.1039,0.0766,0.0383,990,107,114,983
Candidate_D_HistGB_Prod,HistGB-LEAKAGE-FREE-BASELINE,7,District_Group_5Fold_CV,0.9225,0.9312,0.8315,0.8277,0.8296,0.8323,0.83,0.1677,0.1723,0.121,0.0774,913,184,189,908
Candidate_D_HistGB_Prod,HistGB-LEAKAGE-FREE-BASELINE,7,State_Group_5Fold_CV,0.9113,0.9214,0.8127,0.8387,0.8255,0.8067,0.8227,0.1933,0.1613,0.134,0.0907,885,212,177,920
Diagnostic_RF_NoGeo,RF-NO-GEO-DIAGNOSTIC,5,Chronological_Holdout_2024_2025,0.9236,0.9328,0.8219,0.8122,0.817,0.8239,0.8181,0.1761,0.1878,0.1154,0.0446,702,150,160,692
Diagnostic_RF_NoGeo,RF-NO-GEO-DIAGNOSTIC,5,Rolling_Temporal_Fold_1_Pre2024,0.86,0.8296,0.8095,0.85,0.8293,0.8,0.825,0.2,0.15,0.1512,0.1478,32,8,6,34
Diagnostic_RF_NoGeo,RF-NO-GEO-DIAGNOSTIC,5,Rolling_Temporal_Fold_2_Pre2024,0.7463,0.7938,0.7547,0.5556,0.64,0.8194,0.6875,0.1806,0.4444,0.2186,0.1393,59,13,32,40
Diagnostic_RF_NoGeo,RF-NO-GEO-DIAGNOSTIC,5,Location_Group_5Fold_CV,0.95,0.9544,0.8776,0.8624,0.8699,0.8797,0.871,0.1203,0.1376,0.0881,0.0131,965,132,151,946
Diagnostic_RF_NoGeo,RF-NO-GEO-DIAGNOSTIC,5,District_Group_5Fold_CV,0.9104,0.9165,0.8587,0.7366,0.7929,0.8788,0.8077,0.1212,0.2634,0.1221,0.0501,964,133,289,808
Diagnostic_RF_NoGeo,RF-NO-GEO-DIAGNOSTIC,5,State_Group_5Fold_CV,0.9015,0.9111,0.8226,0.7566,0.7882,0.8368,0.7967,0.1632,0.2434,0.1294,0.056,918,179,267,830
